country_code,country_name,composite_rank,composite_burden_score,long_term_joint_burden_rank,long_term_joint_burden_score
NLD,Netherlands,1,1.334520,3,1.646438
GBR,United Kingdom,2,1.097678,21,0.843586
SYR,Syrian Arab Republic,3,1.029735,5,1.422220
CHE,Switzerland,4,0.985073,1,1.759337
PRT,Portugal,5,0.926791,4,1.536624
DEU,Germany,6,0.922829,10,1.171892
UKR,Ukraine,7,0.859566,9,1.221320
AUS,Australia,8,0.781976,15,0.969047
CAN,Canada,9,0.773174,60,0.253092
LTU,Lithuania,10,0.728734,2,1.738096
GRC,Greece,11,0.716017,27,0.744489
GRL,Greenland,12,0.674217,24,0.797856
IRL,Ireland,13,0.647527,18,0.920404
BEL,Belgium,14,0.635631,17,0.943672
LBN,Lebanon,15,0.634711,26,0.767484
LBY,Libya,16,0.631984,35,0.486060
ISL,Iceland,17,0.617502,14,0.974930
GUY,Guyana,18,0.590887,13,1.003383
URY,Uruguay,19,0.572991,31,0.664392
SWE,Sweden,20,0.520086,22,0.835408
CHL,Chile,21,0.494573,25,0.778496
ESP,Spain,22,0.492198,51,0.309816
MYS,Malaysia,23,0.491720,112,-0.194388
NZL,New Zealand,24,0.475453,11,1.150763
CYP,Cyprus,25,0.445095,57,0.260735
CAF,Central African Republic,26,0.434293,28,0.727289
TUN,Tunisia,27,0.429178,33,0.601893
PRY,Paraguay,28,0.428932,77,0.116231
TUR,"T\""urkiye",29,0.427601,46,0.349361
NOR,Norway,30,0.424690,23,0.817045
IND,India,31,0.418731,94,-0.075215
AND,Andorra,32,0.413329,49,0.322833
LSO,Lesotho,33,0.407169,64,0.217057
KOR,Republic of Korea,34,0.406339,47,0.341001
SWZ,Eswatini,35,0.399828,44,0.374247
ISR,Israel,36,0.399064,72,0.162261
USA,United States,37,0.397148,8,1.259936
SUR,Suriname,38,0.396158,29,0.680264
SMR,San Marino,39,0.391144,42,0.389684
IRN,Iran (Islamic Republic of),40,0.385647,19,0.908237
EGY,Egypt,41,0.370581,84,0.010330
BRA,Brazil,42,0.364940,12,1.096144
LUX,Luxembourg,43,0.362284,20,0.887404
IRQ,Iraq,44,0.355601,67,0.193747
KIR,Kiribati,45,0.346717,58,0.256455
RUS,Russian Federation,46,0.343617,6,1.336523
FSM,Micronesia (Federated States of),47,0.339998,69,0.168078
MUS,Mauritius,48,0.338209,68,0.191055
FRA,France,49,0.296896,7,1.272221
GAB,Gabon,50,0.275243,45,0.367350
DOM,Dominican Republic,51,0.258193,85,0.002839
AUT,Austria,52,0.256993,34,0.554606
SLB,Solomon Islands,53,0.234951,79,0.094625
SDN,Sudan,54,0.232477,50,0.316985
COD,Democratic Republic of the Congo,55,0.221418,36,0.460205
DNK,Denmark,56,0.210320,37,0.456120
FIN,Finland,57,0.196124,52,0.303866
AFG,Afghanistan,58,0.189775,70,0.163469
YEM,Yemen,59,0.184376,65,0.207060
PRK,Democratic People's Republic of Korea,60,0.179922,123,-0.261346
ZAF,South Africa,61,0.169272,55,0.266201
MAR,Morocco,62,0.164516,66,0.198073
ECU,Ecuador,63,0.164314,86,-0.005023
MCO,Monaco,64,0.149024,54,0.273171
VUT,Vanuatu,65,0.141414,96,-0.097107
KHM,Cambodia,66,0.132758,184,-0.696535
GNQ,Equatorial Guinea,67,0.123101,62,0.246473
HTI,Haiti,68,0.118726,53,0.295012
BLR,Belarus,69,0.117159,16,0.954379
PRI,Puerto Rico,70,0.105622,63,0.234206
BHR,Bahrain,71,0.105112,43,0.378266
CUB,Cuba,72,0.087676,48,0.329714
GHA,Ghana,73,0.072802,111,-0.189366
ARG,Argentina,74,0.072567,59,0.255305
ITA,Italy,75,0.071428,102,-0.126975
TGO,Togo,76,0.068259,92,-0.044013
PAK,Pakistan,77,0.066673,104,-0.128506
COM,Comoros,78,0.064918,117,-0.221295
LKA,Sri Lanka,79,0.064032,71,0.163047
COG,Republic of the Congo,80,0.062020,30,0.671667
SEB,Serbia,81,0.050939,81,0.049836
MOZ,Mozambique,82,0.030331,126,-0.278737
LCA,Saint Lucia,83,0.021770,90,-0.035414
VEN,Venezuela (Bolivarian Republic of),84,0.016399,107,-0.150389
ERI,Eritrea,85,0.013372,80,0.059976
BGD,Bangladesh,86,0.013103,95,-0.079787
TTO,Trinidad and Tobago,87,0.004022,74,0.131560
WSM,Samoa,88,0.003569,136,-0.323892
ARE,United Arab Emirates,89,0.003516,103,-0.127361
LVA,Latvia,90,-0.026670,32,0.652719
BLZ,Belize,91,-0.027337,127,-0.281805
JAM,Jamaica,92,-0.035049,154,-0.412889
NPL,Nepal,93,-0.037980,145,-0.370572
MLT,Malta,94,-0.039869,73,0.131663
PHL,Philippines,95,-0.040382,187,-0.763483
LAO,Lao People's Democratic Republic,96,-0.042971,185,-0.725554
CPV,Cabo Verde,97,-0.044861,114,-0.197953
MDA,Republic of Moldova,98,-0.045403,41,0.390656
SYC,Seychelles,99,-0.045836,176,-0.592616
MDG,Madagascar,100,-0.057821,130,-0.301381
TUV,Tuvalu,101,-0.070093,139,-0.335478
PER,Peru,102,-0.070775,105,-0.143105
BWA,Botswana,103,-0.073531,109,-0.162376
MHL,Marshall Islands,104,-0.074290,129,-0.284323
MMR,Myanmar,105,-0.075357,190,-0.794454
MNP,Northern Mariana Islands,106,-0.087556,152,-0.398803
PLW,Palau,107,-0.093216,148,-0.381654
THA,Thailand,108,-0.094231,182,-0.672362
SLV,El Salvador,109,-0.099415,151,-0.397610
AGO,Angola,110,-0.100736,39,0.402733
KWT,Kuwait,111,-0.112002,78,0.101303
HUN,Hungary,112,-0.115160,38,0.434401
MWI,Malawi,113,-0.117637,144,-0.365038
BHS,Bahamas,114,-0.120024,113,-0.197033
ZMB,Zambia,115,-0.121476,147,-0.379565
NRU,Nauru,116,-0.122350,146,-0.377113
DJI,Djibouti,117,-0.129716,150,-0.386589
ETH,Ethiopia,118,-0.133014,83,0.016542
DMA,Dominica,119,-0.134101,106,-0.147178
TCD,Chad,120,-0.136636,99,-0.110233
JOR,Jordan,121,-0.148868,76,0.117182
MDV,Maldives,122,-0.154103,196,-0.973297
ZWE,Zimbabwe,123,-0.159570,101,-0.126707
SAU,Saudi Arabia,124,-0.159942,88,-0.018588
BFA,Burkina Faso,125,-0.159981,138,-0.333579
HND,Honduras,126,-0.162538,180,-0.626866
BMU,Bermuda,127,-0.164633,91,-0.043758
TON,Tonga,128,-0.168228,153,-0.411139
SVN,Slovenia,129,-0.169358,61,0.250819
CMR,Cameroon,130,-0.171151,159,-0.446388
DZA,Algeria,131,-0.182318,56,0.264900
VNM,Viet Nam,132,-0.182532,200,-1.162660
ROM,Romania,133,-0.184053,143,-0.363588
CRI,Costa Rica,134,-0.184663,119,-0.235423
BRB,Barbados,135,-0.185959,98,-0.108858
EST,Estonia,136,-0.189000,40,0.394266
NIU,Niue,137,-0.190121,122,-0.248471
TKL,Tokelau,138,-0.191285,161,-0.476355
TMP,Timor-Leste,139,-0.199962,165,-0.498453
BOL,Bolivia (Plurinational State of),140,-0.200926,100,-0.121633
KEN,Kenya,141,-0.208391,156,-0.416701
CIV,C\^ote d'Ivoire,142,-0.225033,167,-0.510678
MEX,Mexico,143,-0.225080,172,-0.578891
RWA,Rwanda,144,-0.239085,116,-0.201783
ARM,Armenia,145,-0.244975,160,-0.457895
BTN,Bhutan,146,-0.246963,166,-0.506106
MNG,Mongolia,147,-0.259013,142,-0.362305
COK,Cook Islands,148,-0.266101,140,-0.344851
GEO,Georgia,149,-0.267456,149,-0.383489
YUG,Montenegro,150,-0.267635,135,-0.323792
BIH,Bosnia and Herzegovina,151,-0.269143,121,-0.239025
BEN,Benin,152,-0.269837,178,-0.603056
OMN,Oman,153,-0.279778,124,-0.263601
FJI,Fiji,154,-0.283584,158,-0.436718
GTM,Guatemala,155,-0.286146,108,-0.154206
CZE,Czechia,156,-0.297874,89,-0.019283
HRV,Croatia,157,-0.298844,97,-0.104693
LBR,Liberia,158,-0.314808,164,-0.495442
QAT,Qatar,159,-0.316131,82,0.038897
ASM,American Samoa,160,-0.323208,132,-0.307348
KAZ,Kazakhstan,161,-0.324809,75,0.121497
POL,Poland,162,-0.330954,110,-0.185733
PNG,Papua New Guinea,163,-0.332034,192,-0.866179
NGA,Nigeria,164,-0.335806,157,-0.429254
TZA,United Republic of Tanzania,165,-0.338076,141,-0.352173
SOM,Somalia,166,-0.344816,128,-0.283255
JPN,Japan,167,-0.356889,87,-0.006800
SLE,Sierra Leone,168,-0.367116,162,-0.483486
NER,Niger,169,-0.367962,186,-0.761452
NAM,Namibia,170,-0.370926,163,-0.484196
GIN,Guinea,171,-0.390377,171,-0.576884
SEN,Senegal,172,-0.401193,173,-0.581531
NIC,Nicaragua,173,-0.417966,168,-0.523704
GMB,Gambia,174,-0.420968,181,-0.634625
BRN,Brunei Darussalam,175,-0.423994,198,-1.118568
BDI,Burundi,176,-0.442053,115,-0.199829
UZB,Uzbekistan,177,-0.454473,170,-0.534783
SVK,Slovakia,178,-0.468588,134,-0.319470
UGA,Uganda,179,-0.485583,155,-0.414534
ALB,Albania,180,-0.501757,183,-0.673996
KNA,Saint Kitts and Nevis,181,-0.519673,125,-0.267427
VIR,United States Virgin Islands,182,-0.521367,137,-0.330786
BGR,Bulgaria,183,-0.525935,118,-0.231720
IDN,Indonesia,184,-0.533751,199,-1.134173
MRT,Mauritania,185,-0.536072,195,-0.948960
MLI,Mali,186,-0.536343,191,-0.857110
GNB,Guinea-Bissau,187,-0.537245,169,-0.529786
TKM,Turkmenistan,188,-0.556788,174,-0.589121
STP,S\~ao Tom\'e and Pr\'incipe,189,-0.563449,193,-0.916527
CHN,China,190,-0.575924,93,-0.071578
ATG,Antigua and Barbuda,191,-0.578917,131,-0.306443
KGZ,Kyrgyzstan,192,-0.595997,175,-0.589865
TJK,Tajikistan,193,-0.610162,194,-0.935197
AZE,Azerbaijan,194,-0.686739,188,-0.786104
MKD,North Macedonia,195,-0.717210,179,-0.611686
PAN,Panama,196,-0.738547,189,-0.787565
VCT,Saint Vincent and the Grenadines,197,-0.786189,120,-0.236088
GRD,Grenada,198,-0.791860,133,-0.316722
SGP,Singapore,199,-0.826425,197,-1.030274
COL,Colombia,200,-1.038272,177,-0.602711
